insert into cliente (id_cliente, nombre, direccion, telefono, email) values (7, 'U8BK1MRIFEJVBKLK1TGGAESN2Q9TDG0D92TU5F4QD7VLVKD LSO4Q0IIQHBNM5E2O4NPQG7YTSVEJWEFV1RVMY41IGCUWJGID K8', 'T6UYHAS3JHUHIY3FAY4MHD5G1DG5DYFT25QYR68P9M8C8XJHWBN6M2YL9NFEVSWIQA4HEDMSI03071VA NWNKU0IUVERCOX JJCQXGI0PPOTSHP7X5HMPT9F9TGFIV4OEF6QM0B8G5QS1FLS6MAI22OW7Q0DNL1BFYR9AOFLHFESJ71WGBQJDR0QGGVBT61WTQNWH54LO37IO3DPI4ILY30019AULVGPYUT1F2KY383CEEVMBCTIV8B413W8C2J', 'S RYH52T9S 2G6KW7D7L', 'XG0XXLFALM6M1EHKPE9HT6J8 XX9D6X4VY4N72UQ1UYDRHVDTTAMHNNK44XCFDIHSGESTVKO0HHBUUENWI63DTKVY9I11CIO8POW');

insert into cliente (id_cliente, nombre, direccion, telefono, email) values (4, 'Q1271O32DLM6BH9DDAR2A3748TT8YWWJ W 0NAOCC072RTE8ABPUFME9HI5AJXQSAYAFOPF1BUGEIH14LNH9N404JEDAJYP7BFL3', 'CEVMRW6TOXIEIBHQD X9QQFGQRASL 3EMU0U0F8U2K2WYRQ1XT9RMX UQMTDS4D2P4YPH70LPHMQINLSK8AR8E6TE84II2CI 9WQOYDTFEDGPKHUUUJ1HSBN6C8I6QGL5FMYT839E432USW1LC RYETIVUM10P817XESY44H1N3Y28C3YO7K561FKUD5076JE900XDC0136V8HDMAV9G8QEEKI1D 5VN92UUBHOBESP12PK4B5RU8CEAIATKH3W', 'RTU0R8QJ4A8W3HJTUK31', 'BI7FR35DOHEP356G0BJQ D V4OAS19JL5TJVX23JMOAH175CU5YBY78BEAEHJJ6HRWJGHL0SVYPBPWMC8IAA5CVVLDHXFLH8E4B1');

insert into cliente (id_cliente, nombre, direccion, telefono, email) values (14, 'LXTX10U06QNRE4OM3DWH2JJCTM7YMVK37L0X8O0CVLFWRW3WC0I9QBT4PB6CP235R7RWGDOA1V7BMGNGCDYB2BKSV9BNY26FY1IQ', 'UL4RXJI5OC6J10UI1YWVKXWIVBN91U8VIJD5AR7PCHV4V9EUPGM9UU08T5AMI7GGYGX CWYFGLMDYWK9ED03CBV5RI3L3H8BC 1PYPUD1SET3O8G7HW52IET730FBCS6S45CCOLL3H8EJ6U58V9OGA5VI 9U2AYTA1SE65KAFBDPVSM3EWBGFDAX1H38PJ8 SAPYI4SLVA8S6NC4M8AU66PPY51D 6PH3NTLSIYP0LC9VOH0MTPPE WVGWOM0 8', 'B3PALBMXTPXYJ4J4J44E', 'WLD7L5E8I8T6DY8U6342AEGVTDYI96460T6TTDAOA1KIFAOP3MVJ039I8JS1G DT1S6RJ0HN9WD3GKK6DSOW4J2MLLSJ0RMHORQ4');

insert into cliente (id_cliente, nombre, direccion, telefono, email) values (9, '7VTBM5GRSGHAGN0NJIB3DFX6O9 NU6EFW7IEVTC40XTWGR35G1PAQKYA2AV2WE5YTQ02I0M9051AHGAV3EL4U81C71AI0C6B62PD', '6X54GXXEUIQF8TL7N4S4F7T17IUUXDJAXX7T76T58TJBE9V9WPQDX0GYG2GFP 9XMMEA 7BS7A31YVR4QTCDNQJ4E GJW9AY7GN0K5GP2AQSMOCW1WQ7LODPX0TF1YKTOT6O6G T5Y3WN7FAT9739J5GUTUJ37TK WF4M2GSUG3TUBNR43DHPETV3Y3DONJY7X69696UKRY7H9EDXI6WJS11LVDPU81ECYHBPR8 QT5VHRTTDJQ2TNDPAYVE7DC', 'EQ5 IA87VEC D40MVJSH', 'KQ6P15EOF611TAPRY 7K8SHUT1LAYUW2PHTWOYG27SGMQLUSQ154X4 POM8TCVBTMJWVM822J98RRXKRLMIPRG50CJI5QHDLUC6P');

insert into cliente (id_cliente, nombre, direccion, telefono, email) values (16, 'MOR1AOR157DTNCWX1QGR5QW9GFKK335UQIVEBDN7GBO15XTK 75 TVI6WR0RL 1NR0QBHCNFRUBOLGMEUIPI072OHDX0M8AF1GQQ', 'WJXMILPKQVGGS7XWII4JU791B5HXHXVB8VR7BRMSEFEX0J9DHJ3B9WD4X8OA4OXLPJ85BLEDU 9UVYMRFK74IL4GALLVPP5LDO2KB4FKN3NUQGECOU28WH1OS98YPPKHXJTY7SGC1B U8H979K98YE36GFJ2T L8ND0 1OLIVCMY24D8U090CLN306A0TB3MKG2P2BFNOTUO5Y82PGEPTWGHTP7WO396B2BEOTW4NETQI2T3V9 PDPN0V8X2J4S', '3JV1URS7WI3R66P93VDR', 'PPBK5W0W D4CJT35BCDMH5O D41MXRH35T FL3KXWO9CJ4TYJ7SFK31HYXY88TT8OWJLDPTADFHJE8R2T67C2B5EKXHP1WEUBX3 ');

insert into cliente (id_cliente, nombre, direccion, telefono, email) values (17, '3 QUWMYSUIQC5CCTISONOXBG0JVB9X QA0453B KP0STS31FWXMJE0XAHY02L86C7D5KWAE6W4JS51AYR9BB W1OPR1VL0PMTBCS', '68KYMETF1MVL5D2GKXR6S4VV8T Y7OUOS7C57YGQC3X7735XG6C2WDT1G18S9J6FTXSXC5F1P8DIG71CILFNBHJKRHAPEQKV MB7E1YYMU2BSCWBBQHTM4H91SH 5 1AO8FW2SRECDSBDDJS5WYDL PAXA6SB73D6BMPCO6UY H4K9867YE1F PAVVR6XHT6F5DBH8 37E0936S8AHBFG6L827O4B1Q78NAB02JBR4C5YDK55QB2DR LIIDH571', 'VXN9BKTSMFH9WAHERH0J', 'VQV P1YTW58YW70ECYNYQVJEKNJ7KSDMFJYJLNG O5LNY0AJOICYBBRPX P2A3SH8QH056FYBSFPK2TT6Q9PNJG052KSR7FLE70X');

insert into cliente (id_cliente, nombre, direccion, telefono, email) values (11, 'DRXU 9WSY6B JNCI5NPW7LGI6ONP2DB5XPUUG5YUDB14LAF505L5H9VAQDPQPDXFEV7ESTWHX0Y17LGT32 SVX40027WHE4X1SLU', 'C6AY4RYQ606G4FCGJ7J D55 50PB1BKBXKC 7UVXO2DCE0PVEOH P1TB52E3I SSMLO1SLX3AW314K6S5NRXAJH482T6GMP6K4SS3QCPSADMC7QMLU6L9HY7F4U7E0CO9UUY76KRHOY61AGFYWANPW9S740RQ6V3M8PA556R D7U1IJQV48WK8JPFQJIREKQ0JVLT5VTEH5R3TELDQT4P228BHA4QAXF6UGM2 KI5UH6XFLNWLJ5XCDAKJQBQPK', 'MYX02CNP86MA0W84J2PB', 'WC0N9WG8RQY9YOI1GPJS4GW7OC03Y58GPNW1WNJUW R0YODCUNKHPUOP5EX1U017YCL4JFPNSQY43ABJB2UMLC07O67LWJGDCJ4W');

insert into cliente (id_cliente, nombre, direccion, telefono, email) values (18, '9J5UMM8FJCJMDRW3O1635J6E1T1LHSCJ4V7JSAQ0NJS56HXG2A5DRBAGW9YRSXEUHPUP9W KJGNM98D84NAASOVDHQADD4E5E5U2', 'K8W9ALP9Y32K93WT0AFITVB 78 3SUU9 QBSE1P7SKLCA2 XBTQI15FRYUL6D 3 7NI4VYKQ87NIK8SXT5R1P8GL 8 GUY7S4CL0OR8C045DDWN18CL4TJGK9QI20K6Y8KJXQUVPDSWW2A8KRU0LADSYB0BUSF9WLI2Y3F N25FO1HF 9KOS6Y2566C60525RRNTQPB4GG21PIGY1RYTJD5OGSB8O5EGSALVQPWBBHXWIAS9X61EEO998PPQOUD', 'KW1A32I8XEOALTQSG5KM', 'BW7DMLWT5EX1UE9QH86665IXTRNM109FD1B81YM9T7 TRVDEV4KJYN87BYY8JFCTO3KX11TNP5DDSID79XSUQQDPWQWYT6F45MMS');

insert into cliente (id_cliente, nombre, direccion, telefono, email) values (2, '673U3OLPSQ6UTG3TOPWF5EOX61MWTM8T5NVP43ANCKYS372E6A0 5RUDE2YKKT6P5HTYBSL6U2XHPR03H3ICNMQ9QH0NFO10MS1I', 'PBI 96G2H3BVUXN7VBUVXWRUT69S41IFWH8MM7TF3OIK4FCRW4B7E6IMBF8OGRB88 M6CYKUPHYINL RLTHJKEMNYQP5HXCR30B2FMFH5I1V Y4TECO5QQS72A8ULLN9XCCFLEYSA8GOB47TV7L6WHJV6VS5TV29F8595KPH7PEQKRMYSHDHRUCJWSPAVXGKDGIB3E2L4HFM7HMN PKNN4JD2VR64XJASEP526DEGNIOH0DOK045HOFQMH4LK3X', 'UF32OFUW9EWDIN9TA9T9', '2SR8BX7R336RYTJ3NALN1Y339F8JLE9KXYHB1KOJ97AR97SX8X7C4RDGK548QJIMV4N68C6R86WVCVIDE265FLOFY33E6FGUKJJ6');

insert into cliente (id_cliente, nombre, direccion, telefono, email) values (0, 'A8ILQC2IE7TG8JC O0DMA90N2I9LCCC8K44RR9VCT JIEU498B 3J7V51UGQIT34KFR 4JLLERDWG 3O64YQDU5QUHGDSIG4LFW5', 'SRXC2D9UGQU 171Y P1C6XU7DPHC2VN5PLEI5 1MMM7MMUCCYRW0P9 XALCFWDVN0PSO9HVQ10GO4MQG39CAJGKLRO R511RWQJN46844WTO1B 2AWKQ7204BLW3QJIQWDMR4 LOJG MMD WOHCC0DTAS14P94ORQKLNHGE3B AXXXKJP0 G4AHTB 547SVUIDIE8W82N JFQROJ1L9WEDKCAE4EQ4K0L0YH45N6332APC89NKKUIVMDDKMYWD7', 'GEC62SPI5BH3YQPKNBAA', '3U94D6UU9TX4K 4D355V SUAIPEL1C3OSWMQG3MF0CGBELDG8F29MKN64ASTREY3BN4AONEDH0JN5OURUPUH9GJDCF7 LCDUNJR0');

insert into cliente (id_cliente, nombre, direccion, telefono, email) values (3, 'YDWLFM25N5D6OUFTRM6FIUKYMA15VDDII5WS0 D8EX2NVOYV60O09L7MOXVTISIM1IOXVBKI1LE3H575QNNKXHRK E71H44XGX3R', 'FL5VNGQS5Q7PBDU82K01TI7U7N58XM4POO1TWD2TSO1VA7AQEHEPACS556LINW7K9UG2C 57Y5SPQ460EIRFGNHQHTT0VC271T8C64QOQ9CT5VH8NBBWECOLH2KUICTO69XEFVVHJXATWGE82EVW5N AR874FKNHCHOY3LPH8TTCC87AY X6L43UDEQ0DY OKNAU XIY3ER3ORD925NKKHWVTEWP2SCXAO9VWSSRSWNR1XKHJOUWTUHIYV G1IH', 'OE8QGT0G OFPW86W3SB8', 'NA KIOVCBT6RTJ23QD46HLD3SOBFN7PNBBUSQHB6WBKYYQH16YPYNL9O1LBA2N9I4R3XSVUF9BYT F0X8M95XHWQE2O J5XDVFIY');

insert into cliente (id_cliente, nombre, direccion, telefono, email) values (6, '0T7I6IPOCVF71VBSGWDLGF7G5OHO3NM1C 1BXO2K9T 34TGIQHB1AFRRN02RORELPMXJQ04WV7GEFFJJJ53Q7NDN62JKD098STW9', 'ADAPWJF5BDDN2GWJVX5X1XK E281GS 8I1YETHBCICMKSU28V7 1WH9SQTPO2Q9LPYXTJ77BUK8XR37RFQBYEXTE8A88J5ORO7A104669DKVSW9C1944IKHH41LN98W2M9VU8IK5BFS5QYKFQ 2K9POV9WBLL3V D 9L7M M0VT8ITNJ1HO3NI7JV7RA RQ68OVEYJB6Y6D81YDF3Q92Q03MVO0QT40F10U KBRI9AYW9QUYH4UJM7NDLFYGM2G', 'DD57IGJU744 S5PMUAVR', '7JKX7OWXH1OTWMC59LHXEW83N7CMRYJQDGT0X3MV07PAMXAFKKGBXOK6WOA3FOABOV2K0017 XHJ6BYHLAAL9QVVMMQ7WTGNADV0');

insert into cliente (id_cliente, nombre, direccion, telefono, email) values (12, 'G38YRLJBUEPQI4A3856VRXNXQ0NW9V76DDE FR3GK9R0AVP1WP26A2CBO6NFMH5F61A88R40A748B8902XGEN7POMN3SDIASY361', 'P837Q6URIKIUO6GH6CHB8F HAY 8QVA43NGMNW0271L3NT9Y9E 9HA4G EBCH3FCVT NGWIPQDNJI8B8KTA4DFCR5VPG8W1PHN LHE0 HU9SOHKLKDD3I07TRXXN9UL4IO6IRL2GX6C96PXKYBO49C9DVK5NDKFRNXQ9XS51PO95P28WJH1YMNWFQBW34RT2U05IB9LTN6SEOO6R97O589FAOC6AP2WR30DOWBQAP22R1TEHAB90EJ4GB8BEY9T', 'LCGC5C 7P14GULX3EBSE', 'GOOMRFJ7UDXS0YPW471U6HQWL9ISER1BO3PQK7JH8DHYH1J M KRPULNDTGS05HXI2YAJ3A5EIGIGAT29RNBBPPGGX1R3YAV5700');

insert into cliente (id_cliente, nombre, direccion, telefono, email) values (13, 'IYUR2CWE062005JCKC0JBCCYT58I792SF0JWEHVHP3BJGL2VPQNWX0JW8XUBT3KS4UPA48EHKKGNI4IXNY7A05ENRJ3K4YYIMM06', 'VNJRYBBO4 6PRHOFRV9UN2U2VA54BD1IPUS2CUOKBS NQCKOHHXUYVJBLGSRQ49VT6GGMFSD4JFBPLQJWPT6J24T3UCU6 OQ2DQHCO4 5T HLWK8H9W2VL0F1MLCVG6RM8F3ST586DPD1IEX14O861QXD4TNVNNKVRSQ4SESC32JHEMOMA9PGMTXFSTM CYOK2O586DB218147PGK081H9S0O9YGU 2IMHEJR5PA0GQAY424INN2TIAOYD2RTN ', 'X9HRK GWJP0GEK9IJYAV', 'Q6UFRMF4BPNX004A1AOUJXNUJSPO9UYM4TB58GLFFNEV50GGR36WMV972N3EU4N LO1M0FS20OIRGRTMBW578LM0ER0OC KVVNFP');

insert into cliente (id_cliente, nombre, direccion, telefono, email) values (10, 'J0LGRJ0YOH0DUVDUM1BAI234TV5ESV7HDY6G95QIV597OL254QCVGT6B1TSVICBJN2IM0VG FFRFEIADA36KFDQ2AE2HI3EAY1N2', 'FCGWH7NY63OS2S56HCR84UKWBD1MJ23NLALJ0R6RBM80O5TM8913WNAA7BDIAJP679N9IHXUX3TMPDCWXQB0I684IGL8S KKBDKLT5RU6BAD7LNM2JL7I3J5DP6RCWEYT0EI5D6I3CKIMPAE4N0FSV14TBONJKKGMVFK4HCMOLWUTEFUBEX0OR9SOSTYH338IV1TSM2 ROIP25YOYERRWTBYUWHANANH39QVLQUD4IWY06CL3I73NV1H1QPQVUM', 'T2U9J2UXE7XBVT6GWKST', 'TSKR5OMX23 NGSLV6S1H1N6NM4T5OY6SOK2AWTH9ILGDS3QKSTIWJ2FYX16PL4 T4L4D6I39SOAPTHWHQWOJA5TSX 5H3VU90F7T');

insert into cliente (id_cliente, nombre, direccion, telefono, email) values (8, 'VF8K2DI09B87DR8IANFTJ2XREEQ55FAYKV8XYTA1A09TY4HVOS0J33WARXR5KHRIQISCKCHMISU 2DMV78CRQG8L1J1RWC3 YWEJ', 'F K9WDISOHDP RITBSV VGGU8VMP F4 BOJGHDGPTDOOPR 5N0Y2JA0W4W8T80CDGJBDW9U0NB8QKX5VDJGI2GNX2JGK6QI55W85U4OU5P30LIE3B6DMXSCE26HL22C7QXX5KFUXATLP99WMCK S6GTD31SQPXE8MRBTV0XO4XC8M8JWCAVKB0KM5B5 EM0H6DLT37C5N385A0319RVPHGUHC3KG VAVWQ9Y2O84YDH6BF0S2E31A6R2RAEGUR3', 'TMB5NWA0T57P9ND8 MMV', '5R4AA59K3K82DT5TQP84RGVLOCPU8EO0BDACVIGBO6HM3GPB9A6325FXGHSAX7LVBT2HLK6FCUDL5EVCMWP9TUE1PNERP2FJ2KAI');

insert into cliente (id_cliente, nombre, direccion, telefono, email) values (19, 'XE4TU7O 4HYREPKGKYSEKFB1CUWKOWPUC6WS33KM 7JTO8V8753AN0HIDNKL9PJ2LL7Q IG7U3YCC3N6KFC0F2KCX51F PTKUF1U', '17N365KKX6OI7EVKLQGYMU 51HU8EVV47NV3MBB3LEU17P1UI955NW3MSPIYYJ3S9Q0NIYVBVUM5EW3OBQKMGL4MCL0PTSRDS1MAA3JK2NO449JNB8PNJP2BDCXYX4OT066 J72V64JJUJD8NUGQKJDN79SFDLY SR1V0DJ5WHN980XJXQNPDUUFTK 4DQ5ENGGEK3I J0FF3JYLL30NW R6WMUCAO8FRYLAAJYV224HEHM3L35XATQ6QPLMP0L', '4FF6HRPUJU7AC7BLGA58', '5J4 5QN4E4GX6NQ6CJV0H3SOPWSGECUTLDQ20C7U6WV06XB2J4JYLGFXECY528WCHS VRD1X8S6NUFLJI6Q2VLXYRUS6PKPJOBLI');

insert into cliente (id_cliente, nombre, direccion, telefono, email) values (5, '4VIMEGKPMVFX1WD90KT5EKXD1MQ9O72D1S AOD99NDYLFHNTCTK3JVJTIGHJ37LK78C34QPFHR0XVVEFCFCUGVU7DGKEFKNRXE5K', '70YJLCB6Y40W5APJKM0L8TRUJ99DUAX OV9AK4LY9 6VEYNND13SHXQI64M74V2LIHNPT53FKL10IX9CJRN3W77MPK92VIP16OWM63 6DJ181Q1G H0QYF6GKJNSTDK9 XWQTR2614MCS5 4BGJWGH5N0MA4WQXPXCIM55MTP7C0X1N 0ONLGF6C11NQD4M6UPNUVEHU7DQWUH529QRUBIV EPD7T5 WCF9RYU H9VCJ6P1Q2VAIM3CGP601 LV', '5PKKQUQI1XJ67F25LS7S', '6UC2ON4VA5YVY6IH0O1Q4NV2UWODJ9W7V3FJ223RGAVRU9KGL6OR8QFFY6EBRPY6FPT2DH5G9F0HMG775SX29XBWEKLHHHCP9J5Y');

insert into cliente (id_cliente, nombre, direccion, telefono, email) values (15, 'M76L1GO3 KCYT8UOR3D J7I9H3U9HS6ME7KA752VRT17FCUBFVGMTI47IIHF07CU7YHYPTIKLOJ3T8C2TBYNWI8R27HOLOP92I55', 'GTNBROV0CBJTBX2HV61SCCP839N6J1FQXF3T2K60EMYSLC35P6SR2L1QM8 J3CQGO45TTHGV26AWMWG9TFDP9VYJ3HPRTKSKMLXC1IO46REVIF JB0OAFXFX2R1LUM00YF3JO2WRX0TFD0P8LT82 TNMGHQR6RYDCV0INSCBY8NC41R6KL9P8TW LYC1RIDOV0RFNMGUBMREN4FOFQLWDINT8609DL4JYO0HEUQ G2LFP77MWJRBKTKHHYI8R59', '70AP6I4IVTO219TAW05Q', 'X2Y2KD7V4GE02J 7PS34FH7D89G3SP92HQWS26E9KTU8OPAALOWT7P84 H8N9O2Q8B TC8QHMUT58VCXAQLPU8VD1BBPU6QUQ9VF');

insert into cliente (id_cliente, nombre, direccion, telefono, email) values (1, '7OIXAXNIILJQPCGLELY05DIF6KGGHLHFACPD38TEWDNOBL71VGHJ82S5NI0KCS1DGKUPLY4RBV7T7I1LQ07I419BSDW8 G0M1HXE', '2IJ3VHYWV6AA90HPC1 YPTVEWXXAVJI XS 0WCQU4SROU3HOUBXYV234IJFJ19ANBH8FUE9J WS41IY3INW9K67S8NNXOEERYO8M XX65MDSTMY0CAC1OW8OL0I S91 3WTLP6B2XEDE5QTOWYC21VF6MUQPB4P5I FYC7ER14EE325I6RVSJNCVVQUWC548IBH0D1CUU2UTNRV2S7NA4QVGEM4XVEDCXK1N7MN47YVEWS41U74EQG3UUXLU1VQ', 'YDN332NWGDF7FJTYSCLO', ' 7I BN95UVUBJVPIABJA6R0PN5HTYXWUF04O44UNJTN3JSC2GLQJKL70OVSNBD2E W70WWR3A6SHWXC55X3EQDJ4SY8RLI EWDI ');

insert into perfiles (id, nombre_perfil) values (4, '08D4XWYBK6 B89296 HLV4QCNIAFT65MU98XDU4Y99C H2BBAE');

insert into perfiles (id, nombre_perfil) values (17, 'JM U31BHRCA74E0VTSN1D6NSR979 GV11PM KD1U5H6W88CLYH');

insert into perfiles (id, nombre_perfil) values (0, 'SNAJE1MBAHB9JB6MPWA7R7PGTKUG9N7RP7K3K3 BHOPSBBQ638');

insert into perfiles (id, nombre_perfil) values (19, 'JTO38XFTDWG1NH7I4FLTIFG4PNN077KYU3IQ9N3IGW2N4G1M O');

insert into perfiles (id, nombre_perfil) values (11, 'ESJVSB1 D3PIU8REA4YBWTWEO01JTVCH7I2WY0IFS111GK3PI4');

insert into perfiles (id, nombre_perfil) values (10, '6QR5MS8JLN2WK1R4RUDC77I5NOXQSE19DPH9Q23EHQAN633LX ');

insert into perfiles (id, nombre_perfil) values (2, 'BN81MFMDMSWJ8 P1V4HQ0H6QRATVPQJN0K 7LPQ4W2OLQDXMK0');

insert into perfiles (id, nombre_perfil) values (6, '9R6KQOTAA6J27AJ0WGANDYX6KNNEJB4IOQ65XLKFMAWW78X7N4');

insert into perfiles (id, nombre_perfil) values (16, 'PS79HG52SE1R5I 9O9212F284DX6XTA3Q470JQE0J ITAVBAM5');

insert into perfiles (id, nombre_perfil) values (5, 'ACJX49 JXQCXRG8SUUX29Q C2DU5JRMUAIPL1HWFVAFARN662B');

insert into perfiles (id, nombre_perfil) values (7, 'AR0O01CMKCWER7TMMF64KERYV2 PVLG 7H2UYBQR3QOENV9PBN');

insert into perfiles (id, nombre_perfil) values (14, '0VXPB1AOD2306G311QJB80 XEK66OXOT73FAUP7V1SY84DBOMD');

insert into perfiles (id, nombre_perfil) values (1, 'VUHMOTP6QDQDIPLIXWCA N5F2TTD5TQDJLTXKHF21ETAKF4IN2');

insert into perfiles (id, nombre_perfil) values (18, 'H2 A43C5H6R6ESF 87XFHLB YUGDXX84IEFDID7BXH8SV9W6CU');

insert into perfiles (id, nombre_perfil) values (13, 'XB1M4ORAO7B7Q6FNGR HDAN2J G Q7E8O5CNFSMVQTP8M2U72K');

insert into perfiles (id, nombre_perfil) values (3, 'E22QTOK9PN1TES47TKMDHXWFOIQG0J97RDW4775JAGGKXY612V');

insert into perfiles (id, nombre_perfil) values (15, 'HC SHL0 CTW3VDA4TRCEYY16WS87OHUK8BGSL1L85D1DM18M8N');

insert into perfiles (id, nombre_perfil) values (8, 'B8LWX4RL82BN19HQTCCUI973QV8H4O MWKL343UVI2PYPY8UOV');

insert into perfiles (id, nombre_perfil) values (9, 'ND O1ST778KM99JCDIWFBA8TD12BWLAUF7CMI0VY33CDP0BK9G');

insert into perfiles (id, nombre_perfil) values (12, 'P1SCCVQWHGASMQFA7PX43P86GAB 07IF6CA8DX5RH2O 73DS65');

insert into sucursal (id_sucursal, nombre, direccion, telefono) values (6, 'PE9IA V4HEQTC4W4MYNJB8O536UJNF123JCO6LVPXI93VEK9WBDNLVRXJ36N2WOJPSMKQRC90FNT705P7HXS7BAVX9R2DHM96J5G', 'U5DWI8ARJJ8JD5X371EQ6XWCENI2Y3WID5BNXOXH5AI52H43JEBOT8HRDYD5OBRNVIRBB LG095HGGK07EVQ09ND XHUGMJDP55U3967QVA7OOK8C39I2ECL0GA1UK0KN5GMD9N79KPERIE0AO850SIWIOS188 YPS4D5FXTR2MLGWFMOE21P64KTTIKSFC74G7C3T29Q5TNBH13GUI4Q 6SJAGOFM VGP91Q70QWTLWMHMISKWNH8RPLM8XVWU', 'F3A33RCC98HGU M29KC2');

insert into sucursal (id_sucursal, nombre, direccion, telefono) values (11, 'CN6CIBRIVGKVNGD17JJGWW3JD0M61J15T30I1JOBXWG77MYY4BF90KTHA237OQK0AS0B3SLSTD14PL0OS8GVS3QQQ27BFE7XF72C', 'LB13T7CCDOU508430X3QPNUSYV3G9NQ8NVQX9MOQYL4NLFA79VY3FSG62PDVM0P4AJK1VMXP8E2IC71E BDO3C11QVJW0ORLFT8KF87WBWCSELPUTOBMEHBDBK74X9BNE13PKQWMRRDKQSSBR6I7XN8LJUK5UO0SV85QUPILIC7Y9DX39Q9N8LVULHHM51J21A1VP0N5XUI3T4 Y45L8P9FL01H52VS1DU4EJU53S8P534W9MW39N0B SVSHRUU', 'K3C8DF RSUB8XCP5K HP');

insert into sucursal (id_sucursal, nombre, direccion, telefono) values (5, '31W3AM94XA3UJNUXKKQPR5MII3LB6KPAEI3WN7OQMVWN3NH3ND BSATV3MG4 W5R9RVFHHKIBT9RJ6W096P3N6SF83RUN 8HTJ3D', 'TVCCOMK S88RCPRTVED43BD1N946BD0V1V C23Y84VECX8P 6HMM2T7CP7P8EUN8U3QEX3Y7JM0S51VV3BI6L8N1WTB1J2CHYPEHPKVCYX73CJH25TQ35G35EPGFIUX9LBH6TF86XKSVSY2C97QA5D9V UDV8VLFJUCPSIWJERHGWGCK06OD4P4HXM3HJRQX1Q313HY8X2NQ22GUETNJL6XI1WH2C12YXPNPA0SENIJEOSOD2LDP3B7JNU30L4J', 'JQQU6ATRN7GQEO 8IH67');

insert into sucursal (id_sucursal, nombre, direccion, telefono) values (13, 'VKR1KV6HFX8FGWC LDA9VXJGEFH74 P18DUXQ3TKNCC39TGK95PJUS2IVK1O4FX7FK0T5RIBKOQRMERURK1EXLP23KPPPI 7QM4E', 'RKYNYYK563J6M8INJ4GFF9LRDO3CG9BFUV4JNOLX0HY9E7YAV6M6XOER IND5CWBS77LC5GEDF FA4VS1GVQ112JG306GW  DIKT7 D2Y6A HJULXNA0B PQ2VYGH MKHB304WIRLFV1X0CHI DPW8IC7UQPWPSF9LYRKMWJBH8I46SGYA3AOKFKGL1846AAXWSFPXIR8362AOIULTR 3QEXK4W45KY1UBN4DM74ON06A7P9VF3VBK77D2S8O2E', 'CIE5Y5VQ315ASM1HTRCU');

insert into sucursal (id_sucursal, nombre, direccion, telefono) values (16, '0GPJW0I9BF5HHHY2TM1RIC 3M7EXTRODH31NS3IF3 OJDJVQ2CRPYL0OLOSPQ0UHKTAJSL64KGJQN5PN6LPKPUJE6GVI08GH82DM', ' KEYT1HSI3YD3MFHIFHAQ4WMG JL61X8KTCK7TFW54GCVH4XT1VU70LA1J7KD9CYMGRRRIA5JI0E9O2YLN2QM2JOLF8D1 NX8IV5RK10F74GVO0DKD C53QB15D55I5GQ4FU93KXVASR3NU PF5FRH2HJDUDGT7QSONA2TW480H21DEFB8K54CLHLWGYHI6WALCDU51W4S9FPAL8 DS3SEAHYQI6LVHXHJTDX71BF5QEQJBXHJX9119IO USWVK', 'P5M1L9A6W7C8QU2T9MQ7');

insert into sucursal (id_sucursal, nombre, direccion, telefono) values (1, 'VTNAAE271J54IFXJEB25U9NSGY07AIGVE NTQSSPLNJGE8LD42MW176IGLMGI8PR40NO7TCGU9S11L0ABY1L1LP6M943IGLC8LQW', 'STCX JOYEBTYVOUKU0MK1XCLL1 UW82X91X3BLXW49ON5SOB9XOW8A0EKO5F0AP049E6VU1090QW142KEXUK2RFT9H303JPE Q2OKTOHLK6HLIRFB JT4RK1CLKKG6NNE4BJOT6GS9CLEL5X1C6CFH4AGFHMV8PDUAQ9 XL8CNQ0ERA6HKIGFVGT1SX6HHR6NF2XK J1RM01Y6VDEF9 XPJWKM4TVJDQ3Y72 OC5EBXITU9NL0H76I1UC7HMYPP', 'VH EC6QFPSC2M5X23B7G');

insert into sucursal (id_sucursal, nombre, direccion, telefono) values (3, ' XM9OWJ6JHO3WLN921MW4WW1XQN5AAMH8VIGEX3CW3845CLY8HI7F8475YMABCQH0Q8UQEDY1VI8REKRK117ISJKM7CDOT31AS0T', 'QDN7S6D0YJ6IR5IF8MQ91UL7 K6I845MWIH9QHB5QCWUPJN4D27VUY22PEBWS6SL ISQ3OH1XXG7QYMLBBERLYT6FWTJ 9ASSA35JXNNX951UTIVCRIJPQHUJ 1E2 6 3NB5AQCJ78IXIV5LUM1Y8JI JHPORDOPT8KM35X08NEMQC7162SWM346W7ROCSV1RQ9IAIIYI9X02U55P5TG EBO6SIWN1JSWL4 OM XMNG5LD5KUUFTW0VEXSHY0DB', 'TYF74JCFH3GEMLBDD0EC');

insert into sucursal (id_sucursal, nombre, direccion, telefono) values (7, 'S8YHTNFRSPXR 74KMRK3KWWJ7LF70OCA333GXE3OS1R3CPSFJA9T7RGH3937W9SOMFQD2ISENVPYDK6JE6DSNPDFY945NP5 NGDU', 'C494BLN 63CQ9YC7I30AEHTEUPPGOAEKVG3IYX70KKRNP8L4XXHAQD3687XKYX4G1VAUK3BANN9H14CFEVVMHRKEH0Q7WT0YAE  V2DUL13RWU9H5GURICBX2UA0THVSP49 SA5GAFE954CE2AUFSEWG6ERX3WYGY519FRYQ7J73R813P BNJN8HMF36ALY8GL7H02C0I5HLX 9795KS0GN9XQ8B6MV87MILY9EG214GXN78KISEPMVS9402LM8', '7IQ2F7KI8 DEFHJ146V8');

insert into sucursal (id_sucursal, nombre, direccion, telefono) values (0, 'QJYWOI5IQ4N3R1A3U032SR6BWFBOY69GEF5PM230YXPVIA2TQ6DQ1RLX57DTPF9SEA4VKC7QIU 723D542X7J E9T0JYGQXL1MQX', 'BWFNURYJ A1WK75LF6R4D9J2XCE4JLOU2W85Q58MBB G6FVGS8MMUF2S8QG82EG0X6AJ30TWW TFQCPB5LW696O 4G7UAC5G4EW6YCW01OE91V403PCOCKB QCKG4XG7LVDEOC61RJQD443W QUU2WHM TJCQTOS4K1EYAWHXAR3CB6MYF8DRJ70MX2UNVK484A9NPW65EILBWDA BESY30S6F82L1FHARJ0 9HGRV00XDAGRFAJI80WVQ14MG3', '38BSBI3K1XQD4TXO5MWH');

insert into sucursal (id_sucursal, nombre, direccion, telefono) values (18, '42SYS1BV5FM9RQTTJ 7M74664HFHH5205LT 1XM9Y2RB7J3GN1BCJ5W55SL7SWBP16X7F8292HIL173HYBPU WB 9LXJY4V9KSF ', 'LCH9LGOIY0GDCDH1 RLU2JVTRUWMY0F LBVVST CTTJOK3389B62LF1L6VL4GED  U5WE48WJX51IT83YEA CWX0CM8MFOXJQF7W0ORN V0OVL399XNNEVU9VHTDJ0UM59NF63XKJXFRCQ 1OIN4ROC4SO0JFS0P CO2EAC4V6FJGTE56ICJCR2VJ56EKSJUEH5G FQE5HO9OO0W34F1X T9XOA8E0NLY9MA7Y0YWIH7DIN47C9S9EKO7R C8QP', 'TA2EUS 4O0 IL0Q8G3WE');

insert into sucursal (id_sucursal, nombre, direccion, telefono) values (4, '3XWAF06DPL8VWMYGJKCDNKM9UF6AU58R AKAGQRXI 42CNDO5H KX7F6BO 2GWX 0WMRWJVLPTH2JUWYPEDA2SU5003CDAT4YKVQ', '2M0878K7W1OTRUP76OVU YFF  QK2AJ9VRWWY6CJUY6C780VY39VXKPQKDP0SQ9065U1A JC C0BYMDVWFUMTI6VCSJYWJ1UOYHV0LR6 FXPG13OX2N5 51HT3VLUQAPKSD5XQUO3RI25DQUKTL1SPSAYL7Y23OSMNQEV6XO292PHE35SUBLJC879XPJ3F8G3YLPQHF76DPH0VCG6R8RO5FAU7DMFD64UGTUG72DAVB19DTUSML6M1PS9W13NI2', 'D3K7LE5NO HPX09U136F');

insert into sucursal (id_sucursal, nombre, direccion, telefono) values (17, '12TRIX9E8F2SYAUTHB01KUHF HSPLE5RERKSWBH3FE5OJDW00MNRIUB33CE9GTKV1TO5WEERMI171855TC9982VQUKWC5IAQC7H9', 'G6F AXQUGQXMJSG8I8SC3TYP1MV9ICBP9 GH35EYYD40V8JKUO5BFRNBLKIC3467GNLH04G1GNIRL7X0DSV1QYSP6BFGPNDX559YGW1UQHGWVEX4RQMUA 0EKKSHUM3KMYALII6IPDT6LHMPUAFVXFS3UK44PQH2A1YWU3VGGCS8883UNQR09VIU32BV3QHLOXV7VRXA8W E EBVATGYF J ODQXKF2QLQ4LLO40F4HTMQ5H3WT5BF111D4D7K1', '65OK9MA7W02BCWX19R6T');

insert into sucursal (id_sucursal, nombre, direccion, telefono) values (14, 'EREIREA YNE6JUXJ3QL7VM5M1EQF6RUM4A 04C4LMRLF7ACKBD4X5PPOIQEOQ0DRS7UEEHDQDXTX9MYE1U8V4UQ8R2YPOBA80YUG', '8U 5VQ15UKMPFO3DLITGUGY6YTDK0U236IVUOL1LADJHX8DMD6 H2 8YUSAOGYQWWS0IH6 W6PJ3T3DJDUCCNQ2C5WKE1MI 11MRF54HJKS7CO3LCGB 57A5L963YMCTIRDRIUSNR51UK5G7B4VN IO574LI4E5PILKYI6CLHSKIB7FNN2K18H5 7UUUA1 XJE AYT4EM 437904YOGAVJK872HOY9TNA5W060L4DB2VNFAS4J2WMSVC1FM DGQ', 'FLBEIC WAB7U1IXOQ6F3');

insert into sucursal (id_sucursal, nombre, direccion, telefono) values (15, 'PRL1DSD2JKU3A9TILU3X 6961RHL8B CKUX8QCMVAOOQ1  TRBBI75BEA9IIX9EXW894HS6W57VH6PXDALJSED868IJKD6FF240E', 'YV 6W9P5O8N8ISECNCCKRY10PTVU6NPUSJ6713IAVYW 5LJ8N3YJ86NYMXEB2MP92Y6WYDNJGL799SX4L2F71BQS838PTWU4KYLNMJ2D2HTJRX868BX9B80HNAO93W3MYQ6HBS9F975Q ATM85SXLIV7WQ9OVT6YWPVVU5H8HOTDMXON55I TLD VYM9LLFFUMQUBGMH22IJURGJF6QPDN71CSLT41S98HY B76TBS6R5EIKGDAY0NQI3B4ONOY', 'B6PXB5KY7M1V9M36406S');

insert into sucursal (id_sucursal, nombre, direccion, telefono) values (9, 'IMR778FIFE387TLIEHDT6 HIRLJQRMEYNN8DWM1YG800YXXI1D57RVS AFD66G6KMYOI3 12WRDTCNPNYB8Q39ORXTOPUBU52U9B', 'SDK DTTDXENT5H9S3H632VCYLQWDOUS7CIGCM5E IELOC8LYGOBBYK8KKR8LAQHIAR PX4ULD9Y2I3B926Q801MVOM79DTNH26BXXWWA8WAKBA9NAXQ88QNV8O2XFXXE2PU2W31W 5HT1BYQMVVY2D46K6ADFCS6S688KPHXFNNMF7PSJR 3J7Q31AOIXQFEPDIR64BGG180QBOPJC6K7UXL11BDY6VBDXX5L5B9 UW4TFQ168VG59V90FH847V', 'WBLW8VBMNECG9QRRLOY9');

insert into sucursal (id_sucursal, nombre, direccion, telefono) values (10, '3SG46S1COEPTQRCAMYYLM7EPPIHKIYCXK6WEPE1RMIDYVIGC9H4B9AN658VTE9F4M5Q7SXJT61SYSKNWAAAPJ3PKXFFS3W74QHVV', 'TBG 05 5SYGO80RJ11XPY WLEEBUEIN1H5EJ5QA55B8TT7VJKOWNFUKVVPHBHTUOHH5NIP3I24FUHTR06TG EDI8AFN236IXO  Q72S6 D4L SV 21U7KUC1V5CJ5BQPMC4GI88VW4E69M172473RX5FIF4JLH1PI8ORS8O3LI70DAFAOQLSYWCARWD1NHDE4GMUNLS6ENFQLCPK3O0LCLTAT6FEKK10YRV8TEL5CPSB9VV84Q977BSWI G7ULS', 'UYG2MY4TNKITGHFOYCY ');

insert into sucursal (id_sucursal, nombre, direccion, telefono) values (12, 'M0WRWRQUSB5HEH9P5VXY7S9JVCHPTP TBLKELBLM2DD3P0I4M8WULU42VE8765BFWU70L4GCQLVCQK3YG CC2VDF51LFIWT59AMI', 'M7YAQ57LV5V Y GF67Q6J XYCF MA4YR0MWJDQ5M04CK8G864JJESCUDPNYYU5IJTPGBJRW  9F2VHVDIU0JG1XJR2MEBWQ1CKI4VJNDY9CU05LPOL21B0PB25URDGKMUX1E8M4TWDH7YL27NWPDFB4120EU22H369YIVOKWMM5BE6MD8HVS48ODUG79O5IM4NAQ7IQGNLPD8C 23SKJ15HFDY3LP99R4U3723YTALMANRJLKVVP0M2PCM1B24R', ' GGXXVFFBWUCLW8FQAKX');

insert into sucursal (id_sucursal, nombre, direccion, telefono) values (19, '4HERBESP6GXR1FMVCAK7O7B40ROH0J4UENLEO8DVR78U57836X2NFM2DW9VE1BIIIIXL581FIS4STY7BJ9DV8GK0DEXGDY6LIA4L', 'IJ7D0FK3PNIA2583MUHUBADJ6960SUMMADT83N8I9M07IHP1AWYLBA8K3E2YAGS2WICTEBI4YV9VBP9A1GC9JRAA9TDX0KSPHK8AOA1DRV8U668AU1D PQOGQCTY26 RQXFSMRL70SGNMG01 XC0IIR94MT4GJW0MUMKT604GP5W3F5168BJGO1ID1DK255PM76UT9G69D69YBFBKTWU144HSS7EPULNIU2Y103XYD3CIJPGPBG8MYU 6TOU3P6', 'DND4RPBN6ERABQ1Y95E3');

insert into sucursal (id_sucursal, nombre, direccion, telefono) values (2, 'DRPU58S7HJ515FG4OCCVEKWTV SERYGLTMF4UC5PG6TA770N6307BXGLD95Q48 XXSFW4OP 2A1P5BCS4XEVWH YKT8WVPBV J48', '6J8Y4QPCHI22VVT2JI5X0GL6EOWS3W416DQ4R7YQGALYJ57O8BIYJRS8NWJ8CLQG02FJ8JKY 4U75B XOXFU7LJ93S0BXNHVO16TWSOUS4J1GAPCKGMIFX2QQRH13ELVK6N78WPH2X59AT8K5HOKOP 80LR173J7PSAOOQDYKIYAGNRF6 WAEQ2H0HIKMW5SMHBTR1MMLA 9WDMYXCFJ4OHD817NRVFPCDRTYHP Y210IIL88C5YE6L0Q90T0 R', 'AUDUKB40OLSSUNRWH41Q');

insert into sucursal (id_sucursal, nombre, direccion, telefono) values (8, ' LNPHLXB05GTT7H7B I5435TLMRS9H1QS7ULQ5NS2WX4EOC35WNEJP7UD5A1UFVKBGRFU8LA3L33YBA CLSY9KUXN4I0TIGFQ1J ', '5IYDLWM7M 2RW7HNMF5QPTR3K7MXEU3RI64PP4YWDKWJ2 M0JGFMOYVYFPVRAQ0BB155D9UW54KH8U69LN32FGTE3YA119ENAASTG LM3JKMTT97L0M350VYA4H3WWU77L3LG EOFCOLW W E0THOA5FT I3SAWQ47N6KXC0LJ605F4Y5MWUJ1PWPSUW80W96WC2NLHW5LP3 APT1FHIV1JQ2CA7EQ73P0II5SOTUNCXFQHHHILNI1IL8Y5H741', '8A849TGIKV1Y4TX2BUGW');

insert into usuarios (id, username, password, perfil_id) values (6, 'D3OLVGFST12GSLXK37CHLU45 PQFXL9TJC PSNB58D22XB0EGV', ' YT9K0WVPTH85NQ92FL26SRUABVJBO9 CHOAS4S25KS77QPKMWX1M2I59TS3M4RX76V3NMMW6TQ46V0FV9 PKABX IW BDXK11N25P78JO5LJ 5J00H34BNXII1WFMHYW08WH0QPKAVGVH3CYP2JJNGNI XX4KKWI8OJ1RUQBVJWYD529WAN981FC58CRFQ2AQ 99QIGFMTDO32P67MAUK4B08IQS0WU8O2LU67W9R5K5R02J7DO2QT66H8YXKG', 8);

insert into usuarios (id, username, password, perfil_id) values (12, '3TPK25XRHYODH CBWBV35A3JR1J ABCUF2I0A3NU VGHGSJ1N4', 'E35RCLVQSSM0JKVJQWMV8S9ON66Q6XY5P7DRKH7CNOGOJBKM2G58P1AM7 OBTRJ5HKIPPM0OU8NE6YFM50GK33F1 7C5KK60BWV4DBPSFEKB96NBY3BUP8TN04JBGLCRGGNGI074ARLGXUXW5UJ 318M2QPUQBYR0A71B9 K3N6QMYFY83XR55TJNK9KYAHSV0U3CV1D9 S10NYGHACV0EEC5XQCY9 2OVXUCPV81AW53ARUVJNX3S7GNQKUU4 ', 14);

insert into usuarios (id, username, password, perfil_id) values (14, 'F541D1TL63K91FO870FC67KA7FVD13UJD99F3XCR37HI1EQ5II', '0NLQ33GRE4WJGSBTKTITTB6UNL04QFVFFY9QPYG1HPCYYVKAVT U5S0LHDPHCGDR1KL3 C3VM3PJ4K 60C1LLKR3FV2WLDTI2088 IVW4JKX8E6 NLCAXSB0QJ89W5JPM3W43F0T8JJCWQE9C0TN7B60L0G33IMESYK74XDA2WJI5PILNCEW VKT584CG TPI AIALF1QQHOG61LYN9U5XA6DFULMTGROTBK9SCV6DKPNU8XK8QQ3QTU64BVM5L', 17);

insert into usuarios (id, username, password, perfil_id) values (7, '0RANNVLPTQM057I5YFDUYC44AFDMAA79 UVH8MS4KL42S760GF', 'Q G1G0MYJ9H3U17X9PN9GHABOE3GSYRWS63 R12RWR0I08GMAITHCIGMHRE9HIDQ5RAVN6TUTB4HKCOIR W7BQU45WD LIB23ARLRNC05LCPGVMEG3ACT3R0JCPXAOUKX4O4B5WPT0F64NWS5NQ SXF0NJ9MC3XJXJCN0QL1S0G J0WSPF7FP2SJFU9R 8A FSEI4V7R0WQB9MQ8 300NMIQUJ64Y1JHVYS6GFDAJUWNAMDKV6QC4759XQQPMSY', 18);

insert into usuarios (id, username, password, perfil_id) values (5, 'U92 NW6C6BESSH9 CU3GHBPBU4IWB519HG6F0F2HPN93 O6JRM', 'CM1PAAQHNF0TG8IJVA6558TYLRJ0MT8NH5 MOIFPMPEPJ76OX7GFBLT0QGXB8WGIHWLBAHN KHY0OT035LB TD25F2S9WS 7MDNU75V3IXHH AOVMIWHW8P10TVOAXR6S5QHQY1J67R4K9DS2 CWWDD1IUXS4A5NKRGW9UFLVHE8T1KJV2MHAK4DLEI0BCVO4T7 DCSDN10F7CAG3XNRR2B NP63 63 DYEUUH8P440KDIURGP8J4PUNL1A BAD', 3);

insert into usuarios (id, username, password, perfil_id) values (11, 'L909FQK4P849 EYM  F9ICRDX4BJW6EBNTH2PW6J62G0FP3IIU', '7UU90IVB9N RR5B E9J4XCSXW4Q71PTNOP5 5HK G60KHH5X5KOWAJ761I34SPEBITLNBX8KIDILFHX7I1B4A0CO6RJ74 55NNY8T70SEHWXKG1TSYS7U65W7FFH4FSBRD0M6UMVWHMK7TG52DBJ6N2OQT8W71IGDSKMAIACJY2EW5M08VBBT63A9VEA4 4IPEIXB2R7O5Q8G8MKYS3QHNREY5FFSKTWTAO5NGBTE06R0WYFM12UB644VWT IAH', 0);

insert into usuarios (id, username, password, perfil_id) values (9, 'S02NEOYKXSIUPWFMKTJASD6YR5F8VE7VN93GQDAXP62R7XN ON', 'FJ9 T UTYM2WNX9QMH9NLLXRXR06IRSGCHQECBILT0KHEXIJKIPBW BTP723HFTK8 SV1WXI00EJEY0I3HAKIDVWRJ85BLDA498F6BP JW2P19BDF LV5Y97SWE19LIHG9E3VCM0TNSNKD296BUUC6CHX63FK5JO3ODY65L0M2F3225YENX1OS5XO3G097UV81W212O08RGQOFIPLTE2HVSB 3DLEX0KKNBLBS5L922DAUCAJKHK4OL 5FBWWVR', 6);

insert into usuarios (id, username, password, perfil_id) values (3, 'SIM6B9AFXCH1WQ7NX13Q7E3HFFOGCXUQ7J21N4SNTP7SWXBVS0', 'V5LOPT9DRP52RSYX3JC 8ST1RY6FRKU BGONK5QW52XWQ PQX9DGSM6R0I3H04UP2BLLEXPFX54R6IAD8SO1XNWJMDT J7A5S1PHHM UO76DY 6NVK3LGTGB1IQ18DSNOA903MN6OXE8 V6GBI7L5YI589YE118QE67GJ91KMDTE8LCWLXD5VS3CNFGIXLV197AR6PTCR09NOG 86HQ3H1HAD6YGU94F194ME2W0VPDEBNPU4A9UU78JY3YYW7R', 14);

insert into usuarios (id, username, password, perfil_id) values (19, 'YNH39IGNY3 CQ8HLPILHRNV8IJUOINS8YG8Q04VH4YGVOE677S', 'U0NY9LDH7BRIP7BGA1VMJXT6TF5QG3IUF12XM8J1QXUVBEGEA 4CXN7H0GQDXJ5OIIPWBRDCJ32FK11ZPNEPF1NI56OP6C1VHC0KLOOGRQYVJ9UXK6FQ43CYF96CHOWA YYDBK0OMAERW7NA2ACBQVFT6YTQXQH3QBWK3Y NKQQD033CJ7N0NGUAXYO15PDRPXJ34F087KNSV5QPGPDAYYIYAK48IU2 XT2TAOGM7UAW6M18H3SAAI8M4L02 F0', 0);

insert into usuarios (id, username, password, perfil_id) values (4, '01C9R50MT0XP VV120S5BACP WPHR6FH5ABD1XH AQET9DMUV8', 'SOK093BL8J46B6UC3F6PY2CSCDDL38SHGA9DTR1MU7JAHW3 NABA39LQI7RIMJ8QJBJIL3KKGEOYL S2O4F36JJMSU5SRV5WXGJ6IMOGCJRWMO9Q58X4K9GW4RIWCUY0QLYKAH5533GCDYX B1RQAEMWPK9Q3Q30CO0BDHTGKRYSEEANR6FR9LEW2 FIEH RIYGC24H3XC29 9SLACWD3440YXIXIN505OK4DH2NKV34AGYI1FS6AY8BGHK3EH4', 18);

insert into usuarios (id, username, password, perfil_id) values (17, 'QJAP IBNGQNKFUOH4X9DV35GFRJFBU2KM69MK3H48J5RCKNNUV', 'FKC6E5CGO6FS46LB0FJ56 O3TWU7GVVGL9MLG 6LJSDKICUGM3UKU7K7CWEJYIERY29QU92HLM5BU730S0Q7YRJ1PEP7UN8MX38 N4Q439BE52XKUFQQQ575KJFEUE9QSQMAAKLI6HPSUWHT0VJDURQ1ITET3O0RQMP4KBQRUG7YPHNGF5YUBO2C3 NO37NEUPWHSUTX3IXX GW86B ELTQMO2BTRE0F68RWJGA6SD29B5FW8RSVKVXKLDPIFKL', 15);

insert into usuarios (id, username, password, perfil_id) values (2, 'SI8YPI5FH28JD0U3L8RR1006FDIWJO96XOV0N3CMTKQX08I8J1', 'MLP0FY84NOY2YQQ19F4OJGBIT1HCLVPJRYWLOF20KEHEPN374KC4BYC 46ASG6NNQYVHRVIB4LJUKYY2CAMPK31J7 XVYY DD90WCK20LQU98VSET8G88F60TGVIJ43UMDX7M6VS86ILX2WNGUMNRSCUREST615UCSJWBSYXE9V3CLBW8J5 3HX7WKQ1DI2RLS1NNX0EE5M2RYUY4MEJT72W2NXK5OKQBPVBFHNUNYM Y1563B PX3PC66  156', 17);

insert into usuarios (id, username, password, perfil_id) values (8, 'C7UXF3MBFN85SUWH4E34H92GFKJQCN8SCT76QMRTR51HHXSVLM', 'FJNUT Q6IKQ4I93LO9QT01MKO6LQ 5W6BBP B4GNDJDKFITC5NW078P4N C9H2CNESVL38P103PRO3CE EP456PNOLN1H08EF10AL81XNQHPFY4G7M1TU1B7T1QO7KT2Q7XXGJET7YBRWI31JIM5HIPOVDO8 1P2DIAPF54X8DSIIQLFB84EFUDM5OGVA4XLY5P2EKY9 JCVV6BRJ1275RBGR316T3VMWEPPGT1LA4B0PTDVU6WDAMVECP6XDRE', 1);

insert into usuarios (id, username, password, perfil_id) values (16, 'IAN9QM JXTRDSIWEVUWAPC88LS3JOYYUV3MM55CIMKTJ6J9DYT', 'W5HPNTFXJPR DXACEM 13O8SDBQM8XGQYCR 6WJMFE6JOJN5RSRQR9X94ND HL2J4TJTU8RGE811YRJ56 U646NU71VSBO UHI7BKH87CP6GH 53NIMF4OSJXSHINL54X16IEJP30XBQVP54WBKH37AOCWJGQY 83OVCSDBOVRAL LRTJY29JDN4D0CV2JJFGDQPG7VY5NYTWIS4URMKBVW1MEAYE7AF6OBBBBMCXQ6Y4EHHYKS3JNK1J1QQU1B', 16);

insert into usuarios (id, username, password, perfil_id) values (1, 'HIDNVA13YQG93PHUTAMHHKES789GVKYSRTEUS8V35N G2B2LBA', '9BU3VO7FN SWKAEOMR 1HLQQ4CJ56O96GNROW1IK2Y810EVQSY8086D1Q15Y7K81WQ0LW9  885LPQ7IIY79S9WLODRNJFJJVXRJ9FM17 BITT2FU0FGH1V26X0SWETU4BW3AXIOC44WHI6G7629J3XPW13VU XNPUY04EWEKENSTVH2D70D56X6UTXIXXV8683YXS862CL9PC19KPRJBEWTI60BJATCHV6POD1JJ8BH1K4KG1GH13XDPSKX B3', 13);

insert into usuarios (id, username, password, perfil_id) values (13, 'C9MGF5AMU5EHU6LQI66I BCIYM0GR5UOFH3BE04WLTJ3X8LT7A', 'BW3N0AL3K 4VMKI422BX16 D7Q4H1GN4Y7WOPK98UXWYT DKDTIN1IXO68F8C44KNK32MAHJI76VCUP5MKBRAO5HNBQ0K0Y7AHAAN1J784ENFNBRGK71PB6JKEUMI0J BXVFND4K5BQWDR8E2HFY8WQRDFBK 1K O9 ALQ441X50HJU98E3KSUX92OL SS3GVAKAFHRK4FGV44SN6R NCE1B5UROSXETX5CI6VGQ6P65NN02OGPMYUP9O1R2W1 ', 6);

insert into usuarios (id, username, password, perfil_id) values (18, 'J3P3VG32AC44TKTFFY9MCA5U9V YYPY3FIRGSQWBDP3 81GK8L', 'NEFTOU20KI3L4I5N52RPJN9TP9QC91KRND4A7H5G80BVP3I8P8D34HOLBYX 25WTOGNT5723 0HVIXKJPHEWSK0G0FVXV9BJTUR885PJAF39RI3L7TCSJ145SUCARC0O85O6RFWORQ4HECOPJM4B23QPUXFVGI349N22T8AN5UVRY0WI2W1SRXIEIWQADSI7E1V22SIXEA44N47WF6S9KQ V9J6 IB8DBMK6TD28I40CDAY1BGKM7TNYR433M80', 17);

insert into usuarios (id, username, password, perfil_id) values (0, 'HWA0  LU45K 4PLSAAQNTAXV0UT85QD3VN CK9RLYDXC MVIS9', 'IU6Y537DKSV41N7EDNBUIYFUSTHAL1QMNY2BHINQ7LNDINJQMHWMCTYUTF0V9R0N7Q59JE0DQF25W701T S6BEPVRNKHLHBMUHUUDOOG02A96UD9AK6CF02YKSL2WIW0GO1JW01 5A0V QFCJOQ7GKH4KA019V25AV86RNKXK4GKTN 1I2QDYPE89QC5K56AUTE2EJO5YSDBY2W2AIWU8NA5JULMHOJKVG2U18WDAJ1LE321A1JXEBNJHJB1EDM', 6);

insert into usuarios (id, username, password, perfil_id) values (10, '0FA4SOOPXDM0SQOC1M5Y77F08HNLER9QMGI9VG7ALMHTMFJDS5', '2GTANO RAUV951JCH8RGGEA22HWKGJVTQY5OW3OSG6GD7EUQS4 0MUT3683 9XFKG TBJVVMC11BEX35C75307PBDOHOACYD1FCWVCTUCLLEQS0OB0W4MRKEY3NDRA1R4IGJKNB5R68NPV0AVE 1VHJ06 88B5XACNY0ROX6RH6I2 612FCAL7JU743 01HJ7NVJ 5UOHGVY4K63UJ1Y H M1N8XAV932HCW5IUEWAWII GJ2EBIOO44PWRU0AG', 15);

insert into usuarios (id, username, password, perfil_id) values (15, '0MECV5C39KB6  62PDB486G89R5KJR5C94334QQYSW0XRYYMYG', 'NAIODK1H2XJYAA8 JIXJ2QYP51I02ESXU1BET0QUKFYYVX8HBTEB7J89ISGGG6M7EIQ3MMGSO3MXDAK91LAB107V1OVOFESF2O JNYRQBJW1FOPC0CEDACDDOACHUJ3GLHGOCX1SDCEP9QSDHEUK4905B3KT7G6RTTVMNYGSRX2ELKUOT3X19R5DWHMQHICHIE8M4RY3GN1TNOM6BNC3YDMQESUI7CSELVU3PJ9THSUQ8YNKE4 91X2PV7UIE3F', 18);

insert into prestamo (id_prestamo, monto, interes, plazo, fecha_inicio, id_cliente, id_sucursal) values (4, 3, 14, 2, '1-1-1', 7, 14);

insert into prestamo (id_prestamo, monto, interes, plazo, fecha_inicio, id_cliente, id_sucursal) values (9, 4, 0, 16, '1665-12-8', 19, 16);

insert into prestamo (id_prestamo, monto, interes, plazo, fecha_inicio, id_cliente, id_sucursal) values (11, 15, 17, 19, '1440-4-26', 16, 9);

insert into prestamo (id_prestamo, monto, interes, plazo, fecha_inicio, id_cliente, id_sucursal) values (6, 14, 16, 12, '1550-6-11', 18, 7);

insert into prestamo (id_prestamo, monto, interes, plazo, fecha_inicio, id_cliente, id_sucursal) values (15, 1, 9, 6, '1178-5-10', 18, 17);

insert into prestamo (id_prestamo, monto, interes, plazo, fecha_inicio, id_cliente, id_sucursal) values (18, 10, 4, 10, '797-9-5', 15, 16);

insert into prestamo (id_prestamo, monto, interes, plazo, fecha_inicio, id_cliente, id_sucursal) values (7, 8, 12, 0, '1381-4-18', 12, 1);

insert into prestamo (id_prestamo, monto, interes, plazo, fecha_inicio, id_cliente, id_sucursal) values (12, 6, 5, 5, '724-3-12', 19, 15);

insert into prestamo (id_prestamo, monto, interes, plazo, fecha_inicio, id_cliente, id_sucursal) values (19, 12, 8, 7, '367-1-31', 18, 15);

insert into prestamo (id_prestamo, monto, interes, plazo, fecha_inicio, id_cliente, id_sucursal) values (10, 17, 13, 15, '1284-11-7', 17, 2);

insert into prestamo (id_prestamo, monto, interes, plazo, fecha_inicio, id_cliente, id_sucursal) values (3, 11, 6, 1, '1076-11-27', 8, 16);

insert into prestamo (id_prestamo, monto, interes, plazo, fecha_inicio, id_cliente, id_sucursal) values (16, 13, 11, 8, '479-7-20', 9, 5);

insert into prestamo (id_prestamo, monto, interes, plazo, fecha_inicio, id_cliente, id_sucursal) values (8, 7, 7, 18, '1900-5-30', 12, 14);

insert into prestamo (id_prestamo, monto, interes, plazo, fecha_inicio, id_cliente, id_sucursal) values (1, 5, 3, 4, '875-5-2', 11, 9);

insert into prestamo (id_prestamo, monto, interes, plazo, fecha_inicio, id_cliente, id_sucursal) values (0, 16, 15, 17, '628-11-3', 6, 5);

insert into prestamo (id_prestamo, monto, interes, plazo, fecha_inicio, id_cliente, id_sucursal) values (13, 18, 10, 11, '105-6-21', 17, 15);

insert into prestamo (id_prestamo, monto, interes, plazo, fecha_inicio, id_cliente, id_sucursal) values (17, 9, 2, 3, '1805-6-26', 19, 0);

insert into prestamo (id_prestamo, monto, interes, plazo, fecha_inicio, id_cliente, id_sucursal) values (2, 2, 18, 13, '224-12-2', 4, 14);

insert into prestamo (id_prestamo, monto, interes, plazo, fecha_inicio, id_cliente, id_sucursal) values (14, 0, 19, 14, '2001-1-19', 7, 15);

insert into prestamo (id_prestamo, monto, interes, plazo, fecha_inicio, id_cliente, id_sucursal) values (5, 19, 1, 9, '970-7-8', 2, 0);

insert into empleado (id_empleado, nombre, telefono, email, id_sucursal) values (7, 'MUW7JM4YYAACKSP11QS2VAKG8PJN7UHGWM4T92DKU0WI1EYFLW00Q 4VA6 XOKV2381HERSTBL YK8D44XM0M7QHXQXGUT5SAQVV', 'B9MC4DXHAHYPTLWOLOMX', 'XG7FCK1D8FURLP9A3L6GEFHAGH931QB4ILHCQ8 OF0DNG6KPV9HAXX2WT5MALG1VHQTN2OSKFKVQ9ICHFWKI1CV885FBNCV4J9BC', 12);

insert into empleado (id_empleado, nombre, telefono, email, id_sucursal) values (17, '7X02KSOJQSLA4FXHI CM874EHFUFFE 3IIDNNI9QJD 92CDCXALPAQEGQ64QFTUVFCR1L45FD2JB9WJ1PPQ71QQV9IRJ2U6GKXSO', '5GY5FGF Y8067OUGEJB0', 'M8WXSJ9LEOXQNBCMJLEW0VYUMJS8NDQFODX6J72V8XV5P2F54TB5TE1HTFU7A0GYC N94KH8 STYAG0LCIHMSP7XDNDG9WKYO5 N', 19);

insert into empleado (id_empleado, nombre, telefono, email, id_sucursal) values (18, 'A3X5 RUR M6L4POIBVBC O9P2MSKVLQ0IBDWM470D97JTI16V5I7DQP22KOIPHHK0WC8VJMFIWOVX50QESQ86IWLIE 3VGMXE8W8', 'ON2DA7NUUNMKD97 EDKP', 'AEDES2NUEN LQFXLFFMXE5P TJRJN80CBB83RTD4IIXQOKSUO257Y7HDM8FU4 YWUO72TF2JHR0OIAEOVV8IW9ENQ2K0T99EUM54', 7);

insert into empleado (id_empleado, nombre, telefono, email, id_sucursal) values (11, 'Q8NGCUT9XCKPFEMSNL96V30PL8EM6 AIN8KKRR0ROP7QHQ0REDWTHV77E7NAS4U7GAB7JIS1IK4DXWUIG1KIKC50DOWJKV4 BYFW', '00C7WUFNRIL7C3Q53RN ', 'TK4HJT43G56XRU2P34CEMVXAGDEFT2I3J5XSEYQPL1TYGVFL9WDS5ASUKS54KPFTPC5U3717042OIHS2 VOFLR6YOBB5D2O7UPJK', 14);

insert into empleado (id_empleado, nombre, telefono, email, id_sucursal) values (13, 'DCUA428B1B619HNB8BO3UME1RSS1YL68UN 8M4091MBSNI8AKVOVPV JIOP4CBGSG992KEOW0SNQVL0IIF7E4 4PVLTI 0R5N4TM', 'M718JALQHAS1FU7H5SLO', '5DUFMTUIX281VQLJMGQW61XPWDP5I 2FE1O49UAE0TKEBDNTDCS0CA7I7PNM17RE6KN5O7NVKM86OYIJA8AMERFUQW8LRQX064JD', 16);

insert into empleado (id_empleado, nombre, telefono, email, id_sucursal) values (12, 'TD10Y SFJ0D4XNJ8RC0CTWA0ODC OM 5RBLBSSEYSVB9KI2EM2G86AHWQV1YSB6J48IOCXFW00K647BI62Y7SNS3TQDS42341 JX', '94G3ETB9VNXCNIOV TQ ', 'K6AYS99B900HBMV3FC3HFJU3W7XAHMTOFCT677FU693YQVTWG8URI1L5JGBUMSL0SJYMUQ5VISXSA12FEXHHQK7UQPURI5MA0UJX', 6);

insert into empleado (id_empleado, nombre, telefono, email, id_sucursal) values (2, 'CHVD41G269 P94L4A7VYY0I8O2GT146WFUY1EF 56G O5N7U9GHEPH90FP9141JJ4L13HBSSJXALHX7B85KXVQ4Y6RJRNWDSVPL8', '8RI0I105KSMRI BSV0AF', '2YFG8USD126646 3531AFFCOHXCKCQN9QN0P924MLKGMB1GH9C4LFCUS97SS UG9 H8TCCJ T1QCNT430T6YGGJS UR225B6HV5X', 7);

insert into empleado (id_empleado, nombre, telefono, email, id_sucursal) values (6, 'Q53JHBCJWCN7F19M731VELL1H6FTGFF2BO4DIRQXKBIHVIICM5CC2CKE20YALYUA6GVK CFDWH3LOA8ALP5XNY627GKQAJ3Q9 23', 'N263J1F0FTRB3RC4 MRI', '7USD3NMVN5GXOUKK84RX6EKGJXPP70EAF SC5HCUSX0G0H8O8V0YTCB3COA6MUD4JIMX5AQUEBIQ5MWIYLY59UO3A8WDJ40QXFJO', 7);

insert into empleado (id_empleado, nombre, telefono, email, id_sucursal) values (3, '95CKBWHLVQOTAP12X8BG1HL9EO20VJ6WOLGKMEDNBGCU7TB9O85H1U41S4RCR792CD 40N5UTBSTBFT2I8XJ40U68VCE3T1KFGAF', 'QG1NEI7DN8BXT RISHDO', 'PRB7GNQ648ENEVE2L7HPF4LOJ614N6WAXJW6NYQEBIMSAXXRK5DLDO0O1GGALQ4CMQK395FA4WOAOQD3K09T6 B1T1M5MCY 8DCA', 2);

insert into empleado (id_empleado, nombre, telefono, email, id_sucursal) values (10, '21TF0GTPWU50 W2OMC3XB77FCYXKV3U7VR2LKCA0R0JRK25D9VVINSS6I2X4LTCQSR8L QCQ1STVLYXN4IU6OER YASEGEKUPUAP', '23LEFD E I2R3MHNBVT1', 'NGFCG0SLIQPB6C 7NV4YFH46NL1NJDT12EGJJAX5NM46ED LIIA8U48UIA2EQCBQNQGD10OHTDXXN4EVB9T4F2UNVLYSFRSRHJGY', 5);

insert into empleado (id_empleado, nombre, telefono, email, id_sucursal) values (14, 'NL5H9OJ1D 93TUB8Q9YNEMUL3 HUTIW7V74BE3V 0W8T8CB 5QAI1T4V7X9MS2CHX6SWV4ODNP1FP6ET2KWIFD9IAW4KOMMVWCVD', 'JB8K86LVTVQFF7RUH4CF', '3492P8MDPF0YMVTG 7J5DUSVMTTKJ5PT5EKJWRTXTX8STBLKP9KWJRQ9QIPLP6K34H6FURAELY6CAVMD6MQJSA64LMCCPJLGANAE', 16);

insert into empleado (id_empleado, nombre, telefono, email, id_sucursal) values (5, 'EPF08Q151DX2KR31LMMSSSKMX2ATVT7E6KBNOIRLDOS8NK93VM6Y2V59F2OQR0T8U544RXU29NLP8J032AKDCMNFE1O2FNULCPCA', '2BA72HSL11IW9C0O45DG', 'XB172PLM71HAFKNOGON3GPBCAGG3D1R2FU4BN5WNRP 8T3I TGUEX4V40B0OHL35L T77 3H Y0O7036 ELR2XV9EY8G5YICGOJT', 4);

insert into empleado (id_empleado, nombre, telefono, email, id_sucursal) values (15, '746APLMY4J33E82FRSYOK7WCNPMT3B2 LIOJ1OSK0NENGWNHGI53 KK21FMNWS36GTJN3QM0IAYT9IXYB1G74XKT7CIH QVS8 10', 'YHVCHJGDHOHB4GE7UFVU', 'YPY9T5OOTW  0LVGA3VETCB8ANTE36UQLNU3407Q94A6VGUAI925MTKA8VJ3D I04US5OG YKTUJGLTLYXC81 FHPPR83VD827GM', 7);

insert into empleado (id_empleado, nombre, telefono, email, id_sucursal) values (16, '0HDW5417815D8276XUH6M926 IGS8ANGGCXTD4  6A851H NOOHSOB75VBM6OAYEDLTFIIATCTRUDHGS2JH9NV2C52R QSQU778E', 'IQ67K 26B1OHJC7GT68X', '5PJW7X5VHX97AA7B5OK5WYCO2WHJ9B7P3BMQ05B2POSJLFS503R8B7PAUG1K L1O12338Y4 MC6IC4YJKNX4XU0Y04EIXALUC1X7', 6);

insert into empleado (id_empleado, nombre, telefono, email, id_sucursal) values (9, 'SUOWCY  UHHB8BYBQLV6MJYAFXX7R10FDV Y9SR6YA2GOQ4N0F3QI7W7Q3MJ9MO7BR6AJAN14XC0B9S1JM9HJD UIY0CBCEKLSFO', 'Q6LHDN5K1ABQ F5UH9OQ', 'IN0LTPCKGY68N16T40YM V347B6HBKBSY83SMTEP6BL3 BQSMO1A4URL9HS 5BM30K4KC KF8C 0AP22NJBWPK8R1A1O 7AWLAIY', 1);

insert into empleado (id_empleado, nombre, telefono, email, id_sucursal) values (4, ' 3U6MONAI5G87M4HP37DIFIP0B 81O2FWO7BP5F4 E91TAJEH9A ESP9QIW3FBHFY995H7CUVW0C4NLARIKWRJ83DMAYHWD28X6E', '4SFBKFNK6YEQO9T7G WW', '9UATQ TT3TO7Q4JIVQHXT371SF KXQC EA2E6X7HUHBAXO36PFOXC07GJHHXQ4BQUIMBIPXYYSVYLB1 6 14QWNF04RC4ETCIYV7', 19);

insert into empleado (id_empleado, nombre, telefono, email, id_sucursal) values (1, '015EQ66YQ1FUT70D3H W53XQRYH96FSU71T7JMUT75G8BLBPSO0VQ9ACQ9PHODJAWYE7MFTU U57CNR64IFQ84FQUU7O25LLVR7X', 'VW0EQXA0CPL TSUUGXB9', '0KC8O6DBJU226Y3FHFSF DYRLAWV8DS9GKLB7C 2XXJKI8DBK1I11M9M1B9KRSL5XKDAN82GGXIOT0PPA0DTSE6WTS7LPHL41537', 14);

insert into empleado (id_empleado, nombre, telefono, email, id_sucursal) values (8, 'SII0FB6YG3B6BLMQ1J4VD16E1VRKQSLC7L0CS2DCHJM2HU1O43TTJH1PNIH54J52F62T7UPMR8Y9MHCWO8IKF1B4GRU9FVK6GK2J', '4Y1BNKSIHGFTK9PH5KW5', '034623NMRQY5FAMCON83LSS6O2BYORS66GTJ8CAMT38N3P490J78J6OM4EDX8K5DY5YBSGEYE4QRWTE74HXX6L45DMLWGIJY39IW', 11);

insert into empleado (id_empleado, nombre, telefono, email, id_sucursal) values (19, 'SPBN0C87N0B7H2 64XRTD4NU2YR9PS1KIXIUCQ2DE5X1KLMTIL8DPV9WC4RG QQ075P1A1P9N A9HJELFRR172TGD4QIG0I3Q7IQ', '6JHANG 4DTQ54XAK2X7H', 'XYN T3ULS MX49I9FG65Q6Y7ID 575L3C6C CK5R3CN35V5VO FYDQJQ N56THJB17FD2FAGNTYH5M6XN56YECNXUODBC7QJJWIJ', 16);

insert into empleado (id_empleado, nombre, telefono, email, id_sucursal) values (0, 'SR1E TOC4F2OMHIG J0JBV2KR0DXQBPV73NDY9H9SJ AR1TVLX995O7FWY RTX7Y82QS28BJ7 3ME0720MLPS0UBBSQUIP211G59', 'HA2E5EGVXGXPY63IBYK7', '2S5BM3RV0143JRDKR9PQIIMU6IS6MYWW82RMLNS3J1OMVBL9E0BMQ2I5JXH8NSHYHY82KRK GRNAN64H3G7MQXEJL7O97MU6IFXY', 5);

insert into cuenta (id_cuenta, numero_cuenta, saldo, fecha_apertura, id_cliente, id_sucursal) values (13, '52EN63C8Y4O6Q2DR8TQP', 5, '840-10-20', 5, 1);

insert into cuenta (id_cuenta, numero_cuenta, saldo, fecha_apertura, id_cliente, id_sucursal) values (10, '1NMPU6H3JHCNDMYITALM', 12, '1775-12-13', 14, 17);

insert into cuenta (id_cuenta, numero_cuenta, saldo, fecha_apertura, id_cliente, id_sucursal) values (3, 'OGKQY3S5 NXDDGUSHMDI', 2, '1958-9-21', 15, 15);

insert into cuenta (id_cuenta, numero_cuenta, saldo, fecha_apertura, id_cliente, id_sucursal) values (7, 'ET0PU778F3DA1P7EOAV ', 15, '112-8-26', 12, 11);

insert into cuenta (id_cuenta, numero_cuenta, saldo, fecha_apertura, id_cliente, id_sucursal) values (8, '37AGMAY77S9I1N FJ0OB', 10, '1036-11-28', 17, 16);

insert into cuenta (id_cuenta, numero_cuenta, saldo, fecha_apertura, id_cliente, id_sucursal) values (18, 'OT2BWKVPH1S LV RKT6K', 4, '1122-12-23', 18, 11);

insert into cuenta (id_cuenta, numero_cuenta, saldo, fecha_apertura, id_cliente, id_sucursal) values (19, 'B0GCQ9PMFL4ULHPV0YWR', 19, '1841-3-14', 9, 15);

insert into cuenta (id_cuenta, numero_cuenta, saldo, fecha_apertura, id_cliente, id_sucursal) values (0, 'FGB0A9BLJKCL0TFW8ND3', 6, '1683-5-27', 7, 10);

insert into cuenta (id_cuenta, numero_cuenta, saldo, fecha_apertura, id_cliente, id_sucursal) values (5, '0VEO5IC1V2NI9K056QUQ', 11, '362-11-29', 5, 0);

insert into cuenta (id_cuenta, numero_cuenta, saldo, fecha_apertura, id_cliente, id_sucursal) values (9, 'JF68QCVGWF8VHES1JUX4', 0, '738-9-26', 10, 1);

insert into cuenta (id_cuenta, numero_cuenta, saldo, fecha_apertura, id_cliente, id_sucursal) values (12, 'F68PG7AXRUN1HW UYDWR', 1, '1611-3-11', 12, 17);

insert into cuenta (id_cuenta, numero_cuenta, saldo, fecha_apertura, id_cliente, id_sucursal) values (16, 'ARFXBTRKLVFH7OW5BFKA', 8, '1471-1-12', 10, 13);

insert into cuenta (id_cuenta, numero_cuenta, saldo, fecha_apertura, id_cliente, id_sucursal) values (17, 'XAHC8S3P6IE94LIX5A9R', 16, '592-1-31', 10, 9);

insert into cuenta (id_cuenta, numero_cuenta, saldo, fecha_apertura, id_cliente, id_sucursal) values (2, 'W1RI7KQV0A2SBBTFJY9P', 18, '1-1-1', 17, 6);

insert into cuenta (id_cuenta, numero_cuenta, saldo, fecha_apertura, id_cliente, id_sucursal) values (14, 'XGJS7U2HN6BRHJKMG8YH', 3, '916-4-26', 13, 4);

insert into cuenta (id_cuenta, numero_cuenta, saldo, fecha_apertura, id_cliente, id_sucursal) values (6, 'YIOYHFBNO YRL6MPO5B3', 9, '1243-5-7', 9, 4);

insert into cuenta (id_cuenta, numero_cuenta, saldo, fecha_apertura, id_cliente, id_sucursal) values (4, 'B645RE4ATAX32Q DYHRX', 13, '216-2-3', 15, 12);

insert into cuenta (id_cuenta, numero_cuenta, saldo, fecha_apertura, id_cliente, id_sucursal) values (11, '9A9UIY2V706FM832KDB0', 17, '1331-11-14', 13, 7);

insert into cuenta (id_cuenta, numero_cuenta, saldo, fecha_apertura, id_cliente, id_sucursal) values (15, '1M6DO86P2K3L90X0XCHP', 14, '508-2-12', 7, 1);

insert into cuenta (id_cuenta, numero_cuenta, saldo, fecha_apertura, id_cliente, id_sucursal) values (1, 'RN43UMR630QAUFFGG64K', 7, '840-10-20', 5, 9);

insert into transaccion (id_transaccion, fecha, monto, descripcion, id_cuenta) values (7, '1258-4-9 8:21:39', 6, 'JVQYRSWWXALBC60U6CKUR40DCU6BDO O O6L6ROEHU01XPFX0P2 R7QYYID2KBD36Q870D0LQV454DR6D5FJG542EDSU2 L1J32QT2VT2JT5KAX6V2KXY 8QRHM5KY5BVJE15KHTAOOLYV 0IO5K51BLJKRJMROADQP3ES1 J1Y1RS49Q EX YPRL7SMQ7YSP12UX227G0H3F Q3DQ8I7NYUARW 9FYAWM8BYW6W0VTDAQB5MJ9TIAR1ADYCHRR', 17);

insert into transaccion (id_transaccion, fecha, monto, descripcion, id_cuenta) values (13, '1661-10-6 11:54:38', 4, 'OCELIM53 NM5MMJLO5POEHC 3PXHBLWMFW58K WR 62DGI7DD0CEUNLK733ONQS KTDUI KAUTSXN2TNILEXSE0Q5CEC3VNFMQCTIGSV676  8QKWTIJT0YSAS2 EY0MNQ56P8JX CBF7UMHWW50OR05E64QFRLI89MMBX1 XP6N5QESAJKX1R1IVNDE 2J4I7FGK5TR35FUPJ95JSSEN07MMSGHYG6M4T QODN47VMRQVQCJ4NAAHXF1IQ18I3', 9);

insert into transaccion (id_transaccion, fecha, monto, descripcion, id_cuenta) values (2, '1035-9-2 7:2:37', 18, 'EATG1Y N2ELYU66KARHO2Q0Y046CVQNAYQ9URQA4SFDI7YXT253BWUB9NDL9EH9VYOOXTCHRMKN4M2DUX9PNIG35QRW6QEJD8WX8T5OH1KBFGJQ794DOFIW5UWPLKLPJQQD23LWFPSORTD4UNCO1QW74OU TB2SEM1OJJ315D2FBFPLYS HA6KD7484X1XSA65 KS4YE1RM3NK2XKQ4O6JOS87YQGALRU0TS18E6TUTSJ6CL RBAUUBK5FNVXC0', 9);

insert into transaccion (id_transaccion, fecha, monto, descripcion, id_cuenta) values (8, '96-8-29 0:38:31', 9, 'R814N7WYVXQVWRN7W8Q8XVHEI95URG8OF378EWQ82UE5SP6A7NWF7OKWU22KLQ686D0W19BNM5CCIC151Q2SKA8Q48I7B3G6S4I9C89JRJMLWCH8C4HQ6FLQ5J8MQIBY8K9WXA98WXTFM1SX6N Y0EUK1YL2CN2TS3BQ4N VSD0S4E9H19YPSA6X4NG5GT2228C6156IF2U1L2B4M2AI1QTB3V8X6 OSVPI0NAK54EHX AAWWCDC3135V3UWEQB', 11);

insert into transaccion (id_transaccion, fecha, monto, descripcion, id_cuenta) values (11, '1599-7-2 10:48:7', 12, '1DDHEL7 PHUML42MS5J7L079SNVRVRCERY7HXEQ6YA3HNIYRQX893OWOH  Y5QRETCD8MAC2LR U0J77I36I0RDOEMC EHJTYH83UC4H89H 39SFUQAKYOLOLM VP2Y6TN9SFDVDEJRQOK70C9KGXN641C58J9V20D2QLY1NIJ4EY6PIJC9UCNEFLE86ULV1 HGRYIPBWK XIJ6JUXRT2G441PQBUG5P53DAI6MCS4 PDV6QMAK3AO P3FDWBYK', 12);

insert into transaccion (id_transaccion, fecha, monto, descripcion, id_cuenta) values (10, '306-11-9 2:34:24', 19, 'RRJWARX6SB2VPX7UR3YCUOL7PB1YLC0OV2IC6HHGPKHLC C2BEO T8CNR8AINGALR4Y3 XD58FS8OTUD5MLF9GUWG887UKA76X4P8SUNGUM 9 3V0P1U06R4FN6CH190VFGY040 JI A4L7EOJOJENK6DOOEEK83OGTOVCPUP42OV05G0UF08JIL0GN  B0BFO7X DLK59EVO5L5VDITYYMJ108W4U740S1X G145ERP68293NFRGBOU9AV2736', 14);

insert into transaccion (id_transaccion, fecha, monto, descripcion, id_cuenta) values (9, '918-9-4 6:27:10', 1, 'LBBW01AA7 X96KYS9N6WS8LA G49M9F3KAOPPX B4Y68JLBU8GE1 70U3H9ERRNXEV9OMU0UTFBC1HU2XIK5KYAGY6DMYPVD83AANL9HXRHH72E1RTXVYHJ32G0FPORWSYXARI2HQEOUOM95SGL3PE9GI9NORQ8UGJAO1E5 6SSY814MRGKYJSE01IOI1JP99XAUTNLWUCPKVP3E2XS BB9327CCH7 0 8VCJ6YUYM4POHP6P13V25KPPEUTDFA', 10);

insert into transaccion (id_transaccion, fecha, monto, descripcion, id_cuenta) values (4, '1376-5-1 9:37:25', 17, 'OXMS2SF6AG6OPWVSIEX8NY GQN3AX0E7O59R6CCLGWIY7 UQPHTUNC2HRBFOYWWS8AEC44GXDH9D1IV8T XIFQ6L7QGXDO6FBQ83N7SCU32BF81FPJJNUQK59LDT072 NF3FQSWEE9K0S0WT1HXN363WVAC2YFUOS19MNAW3F6HOVWJE9SESK141RTKCMHG51V3X07DQ1OIDP4MHI2C8YFJ3IU95MN8GHVYHNAJ568E2K1ATUN53ALS3EORWXD5', 10);

insert into transaccion (id_transaccion, fecha, monto, descripcion, id_cuenta) values (0, '2014-6-20 14:31:30', 16, '21O9BOD0IJ1 O149L F8CT0SEJCA Q8NUCJEEJG3ELW0 Y4QDH11W491TRG8NI Q1UEWJXPGTL9EPITH4PP1J01KJQAY03JXCRT8JSGG6L9 F37T7RDQ MBW5WUT5J AU32W1F6U9EOOPEFIEIMPUB34PGOA25ID0M0ILBJ0BNYGWFS YMMIOTMVLE3SLLICRW8MQC9TXP69EFQ2EMASV289NJ UJQIUDBXUSKCN5Q34EYW6SO63SAH 3EYXLS7', 5);

insert into transaccion (id_transaccion, fecha, monto, descripcion, id_cuenta) values (16, '595-1-26 4:44:28', 3, '0KY V2DVGFO312U0AITF6N127KB7NB7FMGRVDRF4QKA94F61VDVYPN3SP4GMJ8R7VJET2YPIHU3AFGE1XME7FSKNQ7NS9RHNJRCMOPDK6VBK4 48 USE21SS3OMWF7N5YHVT0W 2YR34DTB2555AHBFK3SUSPRV4XE0HUCBWDY9NBL80 WFEFBEDM7K TK16VNJI2SG2JAGH8WCUN0BUTSYW2 RMJOA6MU3AIVPS532MC7IETOAFHAJVCNALL01', 5);

insert into transaccion (id_transaccion, fecha, monto, descripcion, id_cuenta) values (19, '677-11-15 5:23:11', 5, ' NV1Y33QFD1CP YRONLOKEAX8W2QCSE2PX4I9RXGHY782EDHVWUGDH872QJG  MBNWDIOGQ2M33IO QABTUIMQEONCRLD0B35NTPA7Q0NMLO4434H7IFO6  CST3WS1YTP MS052LU14Q7H50D5LNT50PN8OQ89QD5XJLY AIL4WEPUWQ6E79QVXH2YULAELOL JS39 S8YXQ1 4K0E7V247IM9UW OVR8 F1KVQSO3V RMUNSNCJXPLUIXQRBA', 18);

insert into transaccion (id_transaccion, fecha, monto, descripcion, id_cuenta) values (17, '1499-4-29 10:16:47', 7, 'BTO4VPKKF6EH51EGF8X15YID3NH1EVCDV8719V729NCF0II GQFWVG R19P6EN4WSFIPS5RYN7 PGJPNTRTYN1MG 5 A64TRL5WLGWGRBUEFB2MVP13BAENXT1MQX0JT355IY4KVAT563LVUKGVJHTCHOOF8KNGQEENQVGENUJAX7A7S317KNB3F00R0V2T5V27UI7BAJIH1S0CSC1SQ H7 H8ILCXTM6F9XYBOX8FVAPA SMSQSGM364J50CJR', 15);

insert into transaccion (id_transaccion, fecha, monto, descripcion, id_cuenta) values (12, '423-4-1 3:30:31', 10, 'L8WQG4EVL275VP7YPGTRXVO507FKLWXXCA229LRC9GSJD9N3CRS3OR9UE9FA6XPO7SQANWBKR3CRSL17DNJI1FMN54CAY16B9LRW97M1VX85ISI7FJ1AD1N3YY16IPABNO8Y6IYA89XHCNU 14G7GGXQG3K V4N29GC1XM6VFL14JSGILF3OIDO3595CHAI01IJAD4VDXRDXOLHPFODK47TTIE5E4YTOPS9DTB8E4UVBT8NMTFXAA8TJTQ3T1Q4', 17);

insert into transaccion (id_transaccion, fecha, monto, descripcion, id_cuenta) values (15, '779-12-12 5:49:17', 8, 'J FAE D5NB9N8DNCAUHJSEGXXCUPSVWN6HWE5 63SOOY56KNQL03JBP O8GR2NMB6N MUBFAIA 71HI940DPJ8IGIJQAWUSO5YP49WKKL8G G RKJX7MDS9K78 F4B3WRND7O4WETCL0HOEM55I62033K6VI0A VM0KB OFXYH56O1A26CI 8DYIE5BYHHP2I355IP YVD9I6 19S2PP0OJYJTKEWXAO50BF5S5YFN78OR37ATV726B8XR2N64I', 9);

insert into transaccion (id_transaccion, fecha, monto, descripcion, id_cuenta) values (5, '1155-2-20 7:31:10', 0, 'KANH4DUA2KUNNA1MJY 5JMLKSGINLSY15QUDB39L05EICTXMM3VUUCXCO3EACPQ6MBE 9UT088O WGXVD2NLGJOHPSTD5F43QXWKCMO7UQXJ7 XVE8HDV0QL9KWIE28PYG Q60FRKQBX8R8 10CBQ0C2FHSMM4MRFT2BG22WS9X72LLB7U6YUH93WLJTLR5QUYIE2FYPJFQO1W3PG8S25QJL301M5M6XPVNF09W0LCLXLJ9V3NXMRPOB0W5RAUF', 13);

insert into transaccion (id_transaccion, fecha, monto, descripcion, id_cuenta) values (6, '1741-10-18 13:2:59', 2, 'D0LN2J75H96BVCY18 N91XVLTDEL8850WK6MBXIAIL3LN05S0OSAU46MCJQ1DBSI5OPIDQVC99B1QKL89GNH V5H0H31Q1IVIHAATLMPQL34T1CIQ4W7MYSAOWS180MF6L2QFBJ9OLPBWNY7186Q79QL 23FY2XY3G7KCVY8NWGWBUIAH 67GT1BC BGD6TM10XEVEQ8WSP3M3O487NQDTCT AUB7G7 JYHSP6ACL9S2N5JG7EAAAOTUV923E6G', 16);

insert into transaccion (id_transaccion, fecha, monto, descripcion, id_cuenta) values (14, '1-1-1 0:0:0', 15, '1VM46SNK1KW5UITUI3QYRSU6KSUCR9RJ64 6WCE05I07CO5SVD EYO2MKAN79BT 66OY6U7LXUIFGSA5IBNIL53XSOW3DF2R9P1T72YV3SYAXVK6UYT68L DL4JISPFF04Y613PVQCMCE5GPP4BAFQVTUG516JY2FM2GM9O8ABD5H5M29FKRKJ0JNDW70MUA 8M3V7A0P8SAMQS468MM1AVHNCPOQWH9GQLLJT1W8H2E8YYBHQAV0I31UL40PME', 6);

insert into transaccion (id_transaccion, fecha, monto, descripcion, id_cuenta) values (3, '198-5-28 1:41:45', 13, 'M3NHIBAL2M734J88LKUXIO1F6M5BY4B9KJCKCS3U7Y8D4T7UDABMM1 SCUT566RXVTXQOHYSLSC254U8PWO3A3P9KO54EX2DSDAI6SXK 0Y0YGCY227OOOY3ETJDDALR3354G1CHPYCQAR9RLUYFYJLOV83RY6 D57YE6EQ1JEIDYUBITNS29EWJMESRWB6PSEXV221UXGBOUFM9WFCVUSEFR5AH3GDDFR4PV0DOPOC6S6I7IF2V 7V5 R4PF42', 4);

insert into transaccion (id_transaccion, fecha, monto, descripcion, id_cuenta) values (1, '1866-8-28 13:36:16', 14, '4YQCQC76IC0YYOKNOSA4QX2ERHWIWTT1WV86FAG6ESVCRH3W8H6HQ1NBFYLJ58YBT4J YJKDLJ E254HIVJYVM5BHOC07MTA38CW2 62JMIVXPUWBOA1S2O9EF0KI NI49SX8HTRSK2A44HVN9Q2PS8DTKWK3FKWHSDPK00D1INW I3FOGL6L9S5KWO8P KOWX RUG2Y71MRLYNXMN 70W5DKUHHPRK87BYDGVB ABSROJ1XYPFU9911YAR25WG', 0);

insert into transaccion (id_transaccion, fecha, monto, descripcion, id_cuenta) values (18, '522-11-10 4:3:17', 11, '8BMAWCGAC1NAUFNFYLHNL1EXHS4T XVESG6S1C346242O46 RRLII001UF5LTXNNEVUFLN79Q3YDV5NVAT37WRTYIY20QLK7TF6LQ VUVTHO87CFPG5JK3NH8D6GS56MONXHW8MC9IXA 13E  X9L UWJAS98YLW9PQBTHMRA6OKHM90VHMXDK8US27OOKFERHB6JWGF6G2LH4QSWKI5J39D1LTTWOTW2FH1CVB3XMGJYRYPCLTA22TW5J1Q45I', 19);

insert into tarjeta_credito (id_tarjeta, numero_tarjeta, limite_credito, fecha_emision, id_cuenta) values (7, 'SJJCO9V7XQO4AH14NSIP', 0, '443-1-25', 4);

insert into tarjeta_credito (id_tarjeta, numero_tarjeta, limite_credito, fecha_emision, id_cuenta) values (4, '9 ES9IEGLM15A8S001BK', 9, '140-6-4', 10);

insert into tarjeta_credito (id_tarjeta, numero_tarjeta, limite_credito, fecha_emision, id_cuenta) values (0, 'L9TPUBN1VSGLTFT1VMN5', 4, '1163-7-6', 5);

insert into tarjeta_credito (id_tarjeta, numero_tarjeta, limite_credito, fecha_emision, id_cuenta) values (14, '61U08DFHQ2KFYDDA52TK', 6, '522-2-20', 18);

insert into tarjeta_credito (id_tarjeta, numero_tarjeta, limite_credito, fecha_emision, id_cuenta) values (19, 'F6 FFT8R9MI09VPJFOG6', 3, '1582-9-15', 16);

insert into tarjeta_credito (id_tarjeta, numero_tarjeta, limite_credito, fecha_emision, id_cuenta) values (10, 'TUIQLBDI68GMPFHYH74G', 10, '1-1-1', 0);

insert into tarjeta_credito (id_tarjeta, numero_tarjeta, limite_credito, fecha_emision, id_cuenta) values (1, 'XEN1IPJJRUR62CGD47L5', 1, '1021-4-3', 9);

insert into tarjeta_credito (id_tarjeta, numero_tarjeta, limite_credito, fecha_emision, id_cuenta) values (2, '79EWX6 MBT3SPIDUCOW2', 15, '616-8-5', 13);

insert into tarjeta_credito (id_tarjeta, numero_tarjeta, limite_credito, fecha_emision, id_cuenta) values (9, 'MH1B7N9E9 XXE8F8SHAP', 7, '971-5-20', 18);

insert into tarjeta_credito (id_tarjeta, numero_tarjeta, limite_credito, fecha_emision, id_cuenta) values (13, 'IIA834K82Y9M9XCQDQCY', 14, '1365-2-25', 11);

insert into tarjeta_credito (id_tarjeta, numero_tarjeta, limite_credito, fecha_emision, id_cuenta) values (11, 'UEJMOMCLLNKY2K2U3HP7', 19, '261-2-26', 16);

insert into tarjeta_credito (id_tarjeta, numero_tarjeta, limite_credito, fecha_emision, id_cuenta) values (15, ' WVOMNOTG642194EPKWV', 5, '394-1-27', 13);

insert into tarjeta_credito (id_tarjeta, numero_tarjeta, limite_credito, fecha_emision, id_cuenta) values (8, ' 9HJQXVM 1Q46I1LW8GG', 8, '1513-9-16', 13);

insert into tarjeta_credito (id_tarjeta, numero_tarjeta, limite_credito, fecha_emision, id_cuenta) values (5, '2A O7LWV WYWQYA0364H', 12, '1104-10-21', 5);

insert into tarjeta_credito (id_tarjeta, numero_tarjeta, limite_credito, fecha_emision, id_cuenta) values (17, 'BD4TJD3KMFOXOYFM3JL ', 13, '325-3-20', 3);

insert into tarjeta_credito (id_tarjeta, numero_tarjeta, limite_credito, fecha_emision, id_cuenta) values (3, 'R3BB1KRCHMB6X7WFPUFT', 2, '1430-10-29', 13);

insert into tarjeta_credito (id_tarjeta, numero_tarjeta, limite_credito, fecha_emision, id_cuenta) values (12, 'J5VWITYPMGJ748VTB25X', 11, '1276-8-27', 0);

insert into tarjeta_credito (id_tarjeta, numero_tarjeta, limite_credito, fecha_emision, id_cuenta) values (18, 'Y4 HXIMM4TECRF3GK13K', 17, '724-11-25', 13);

insert into tarjeta_credito (id_tarjeta, numero_tarjeta, limite_credito, fecha_emision, id_cuenta) values (6, '3THBU5KU8MAJG9N P9CD', 18, '83-2-14', 5);

insert into tarjeta_credito (id_tarjeta, numero_tarjeta, limite_credito, fecha_emision, id_cuenta) values (16, ' YG6LIX3NLDR18TIJ8AU', 16, '874-3-3', 9);

